<xml xmlns:o="urn:schemas-microsoft-com:office:office">
 <o:MainFile HRef="../План-Конспект.%20Лінійні%20рівняння%20з%20модулями.htm"/>
 <o:File HRef="item0139.xml"/>
 <o:File HRef="props140.xml"/>
 <o:File HRef="themedata.thmx"/>
 <o:File HRef="colorschememapping.xml"/>
 <o:File HRef="image001.wmz"/>
 <o:File HRef="image002.png"/>
 <o:File HRef="oledata.mso"/>
 <o:File HRef="image003.wmz"/>
 <o:File HRef="image004.png"/>
 <o:File HRef="image005.wmz"/>
 <o:File HRef="image006.png"/>
 <o:File HRef="image007.wmz"/>
 <o:File HRef="image008.png"/>
 <o:File HRef="image009.wmz"/>
 <o:File HRef="image010.png"/>
 <o:File HRef="image011.png"/>
 <o:File HRef="image012.png"/>
 <o:File HRef="image013.png"/>
 <o:File HRef="image014.jpg"/>
 <o:File HRef="image015.png"/>
 <o:File HRef="image016.png"/>
 <o:File HRef="image017.wmz"/>
 <o:File HRef="image018.png"/>
 <o:File HRef="image019.wmz"/>
 <o:File HRef="image020.png"/>
 <o:File HRef="image021.wmz"/>
 <o:File HRef="image022.wmz"/>
 <o:File HRef="image023.png"/>
 <o:File HRef="image024.wmz"/>
 <o:File HRef="image025.png"/>
 <o:File HRef="image026.wmz"/>
 <o:File HRef="image027.png"/>
 <o:File HRef="image028.wmz"/>
 <o:File HRef="image029.png"/>
 <o:File HRef="image030.wmz"/>
 <o:File HRef="image031.png"/>
 <o:File HRef="image032.wmz"/>
 <o:File HRef="image033.png"/>
 <o:File HRef="image034.wmz"/>
 <o:File HRef="image035.png"/>
 <o:File HRef="image036.wmz"/>
 <o:File HRef="image037.png"/>
 <o:File HRef="image038.wmz"/>
 <o:File HRef="image039.png"/>
 <o:File HRef="image040.wmz"/>
 <o:File HRef="image041.png"/>
 <o:File HRef="image042.wmz"/>
 <o:File HRef="image043.png"/>
 <o:File HRef="image044.wmz"/>
 <o:File HRef="image045.png"/>
 <o:File HRef="image046.wmz"/>
 <o:File HRef="image047.png"/>
 <o:File HRef="image048.png"/>
 <o:File HRef="image049.jpg"/>
 <o:File HRef="image050.wmz"/>
 <o:File HRef="image051.png"/>
 <o:File HRef="image052.wmz"/>
 <o:File HRef="image053.png"/>
 <o:File HRef="image054.wmz"/>
 <o:File HRef="image055.png"/>
 <o:File HRef="image056.wmz"/>
 <o:File HRef="image057.png"/>
 <o:File HRef="image058.wmz"/>
 <o:File HRef="image059.png"/>
 <o:File HRef="image060.wmz"/>
 <o:File HRef="image061.png"/>
 <o:File HRef="image062.wmz"/>
 <o:File HRef="image063.png"/>
 <o:File HRef="image064.wmz"/>
 <o:File HRef="image065.png"/>
 <o:File HRef="image066.wmz"/>
 <o:File HRef="image067.png"/>
 <o:File HRef="image068.wmz"/>
 <o:File HRef="image069.png"/>
 <o:File HRef="image070.png"/>
 <o:File HRef="image071.wmz"/>
 <o:File HRef="image072.png"/>
 <o:File HRef="image073.wmz"/>
 <o:File HRef="image074.png"/>
 <o:File HRef="image075.wmz"/>
 <o:File HRef="image076.wmz"/>
 <o:File HRef="image077.png"/>
 <o:File HRef="image078.wmz"/>
 <o:File HRef="image079.png"/>
 <o:File HRef="image080.wmz"/>
 <o:File HRef="image081.png"/>
 <o:File HRef="image082.wmz"/>
 <o:File HRef="image083.png"/>
 <o:File HRef="image084.wmz"/>
 <o:File HRef="image085.png"/>
 <o:File HRef="image086.wmz"/>
 <o:File HRef="image087.png"/>
 <o:File HRef="image088.wmz"/>
 <o:File HRef="image089.png"/>
 <o:File HRef="image090.wmz"/>
 <o:File HRef="image091.png"/>
 <o:File HRef="image092.wmz"/>
 <o:File HRef="image093.png"/>
 <o:File HRef="image094.wmz"/>
 <o:File HRef="image095.png"/>
 <o:File HRef="image096.wmz"/>
 <o:File HRef="image097.png"/>
 <o:File HRef="image098.wmz"/>
 <o:File HRef="image099.png"/>
 <o:File HRef="image100.wmz"/>
 <o:File HRef="image101.png"/>
 <o:File HRef="image102.wmz"/>
 <o:File HRef="image103.png"/>
 <o:File HRef="image104.wmz"/>
 <o:File HRef="image105.png"/>
 <o:File HRef="image106.wmz"/>
 <o:File HRef="image107.png"/>
 <o:File HRef="image108.wmz"/>
 <o:File HRef="image109.png"/>
 <o:File HRef="image110.wmz"/>
 <o:File HRef="image111.png"/>
 <o:File HRef="image112.wmz"/>
 <o:File HRef="image113.png"/>
 <o:File HRef="image114.wmz"/>
 <o:File HRef="image115.png"/>
 <o:File HRef="image116.wmz"/>
 <o:File HRef="image117.png"/>
 <o:File HRef="image118.wmz"/>
 <o:File HRef="image119.png"/>
 <o:File HRef="image120.wmz"/>
 <o:File HRef="image121.png"/>
 <o:File HRef="image122.wmz"/>
 <o:File HRef="image123.png"/>
 <o:File HRef="image124.wmz"/>
 <o:File HRef="image125.png"/>
 <o:File HRef="image126.wmz"/>
 <o:File HRef="image127.png"/>
 <o:File HRef="image128.wmz"/>
 <o:File HRef="image129.png"/>
 <o:File HRef="image130.wmz"/>
 <o:File HRef="image131.png"/>
 <o:File HRef="header.htm"/>
 <o:File HRef="filelist.xml"/>
</xml>