﻿<?xml version="1.0" encoding="utf-8"?>
<course xmlns:xsi="http://www.w3.org/2001/XMLSchema-instance" xmlns:xsd="http://www.w3.org/2001/XMLSchema">
  <Tests>
    <Exam CorrectAnswer="1">
      <Name>Завдання 1</Name>
      <Url>html/Test1.htm</Url>
      <Points>1</Points>
      <Choises>x1 = 1/3, x2 = 6</Choises>
      <Choises>x1 = -1/3, x2 = 6</Choises>
      <Choises>x1 = 0, x2 = 2</Choises>
      <Choises>рівняння немає розв'язку</Choises>
    </Exam>
    <Exam CorrectAnswer="3">
      <Name>Завдання 2</Name>
      <Url>html/Test2.htm</Url>
      <Points>1</Points>
      <Choises>x = 0</Choises>
      <Choises>x1 = 0, x2 = -5/26</Choises>
      <Choises>x = -5/26</Choises>
      <Choises>рівняння немає розв'язку</Choises>
    </Exam>
    <Exam CorrectAnswer="2">
      <Name>Завдання 3</Name>
      <Url>html/Test3.htm</Url>
      <Points>2</Points>
      <Choises>x = 2/5</Choises>
      <Choises>x = 9/2</Choises>
      <Choises>x = 15/7</Choises>
      <Choises>рівняння немає розв'язку</Choises>
    </Exam>
    <Exam CorrectAnswer="3">
      <Name>Завдання 4</Name>
      <Url>html/Test4.htm</Url>
      <Points>2</Points>
      <Choises>x1 = 3/2, x2 = 11/3</Choises>
      <Choises>x1 = 3/2, x2 = 7/2</Choises>
      <Choises>x1 = -3/2, x2 = 11/2</Choises>
      <Choises>рівняння немає розв'язку</Choises>
    </Exam>
    <Exam CorrectAnswer="2">
      <Name>Завдання 5</Name>
      <Url>html/Test5.htm</Url>
      <Points>3</Points>
      <Choises>x1 = 13, x2 = 15</Choises>
      <Choises>x1 = -13, x2 = 15</Choises>
      <Choises>x1 = 0, x2 = 13</Choises>
      <Choises>рівняння немає розв'язку</Choises>
    </Exam>
    <Exam CorrectAnswer="1">
      <Name>Завдання 6</Name>
      <Url>html/Test6.htm</Url>
      <Points>3</Points>
      <Choises>x = 1</Choises>
      <Choises>x1 = 1, x2 = 3/2</Choises>
      <Choises>x = 7/3</Choises>
      <Choises>рівняння немає розв'язку</Choises>
    </Exam>
  </Tests>
  <Theorys>
    <Theory>
      <Name>Означення</Name>
      <Url>html/Page1.htm</Url>
    </Theory>
    <Theory>
      <Name>Графічна модель</Name>
      <Url>html/Page2.htm</Url>
    </Theory>
    <Theory>
      <Name>Теорія</Name>
      <Url>html/Page3.htm</Url>
    </Theory>
    <Theory>
      <Name>Приклад 1</Name>
      <Url>html/Page4.htm</Url>
    </Theory>
    <Theory>
      <Name>Приклад 2</Name>
      <Url>html/Page5.htm</Url>
    </Theory>
    <Theory>
      <Name>Приклад 3</Name>
      <Url>html/Page6.htm</Url>
    </Theory>
  </Theorys>
</course>